{"cameraMode":{"drawMode":0,"name":"Shaded","section":"Shading Mode"},"sceneLighting":true,"audioPlay":false,"sceneViewState":{"showFog":true,"showMaterialUpdate":false,"showSkybox":true,"showFlares":true,"showImageEffects":true,"showParticleSystems":true},"in2DMode":false,"pivot":{"x":4.76837158203125e-7,"y":9.5367431640625e-7,"z":0.0},"rotation":{"x":-0.006304369308054447,"y":0.03958704695105553,"z":-0.0002498337998986244,"w":-0.9992062449455261},"size":5.218769073486328,"orthographic":true}